m/n,confd2,confd3,indvar1,indvar2,indvar3,indvar4,indvar5,indvar6,indvar7
confd2,0,0,0,0,0,0,0,0,0
confd3,4.28477739851377*0.000259839015779342,0,0,0,0,0,0,0,0
indvar1,0.373760418777764*0.133512772182415,1.9959922727039*0.165246747071828,0,0,0,0,0,0,0
indvar2,1.61215261636104*0.318293731206785,0.241812625216541*0.017392672383526,1.42046626692486*1,0,0,0,0,0,0
indvar3,0.785168208370265*0.587291543930479,0.697463216304839*0.317728823416775,9.62996247152315*0.00289994479295299,0.882719832520998*0.80695434283826,0,0,0,0,0
indvar4,0.652973479382222*0.221580952234392,1.04348849952896*1,3.76792290524913*0.00385793480155854,0.952358645846338*1,0.176208469075137*2.71504086438951e-05,0,0,0,0
indvar5,1.07735139299495*0.836553068725236,0.992332329854367*1,1.61164328071453*0.575415793845512,0.224520677417335*0.00243779212636084,0.30897668023736*0.00338689728058315,0.217763178588012*0.00236907420974268,0,0,0
indvar6,0.694174524697784*0.430632350555982,0.730899217890018*0.465144138532883,1.39940589049689*0.789444907392361,0.290398815274138*0.0119039871420367,0.38460939768518*0.0112757588592961,0.933418881586305*1,0.399517076279301*0.0405202359204293,0,0
indvar7,1.58132200282793*0.28877197989473,0.304470874222206*0.0100118806434663,0.789128812713954*0.774485721482196,0.740179807764849*0.568289420863101,0.454845086433895*0.0595501235962223,0.381630372293107*0.0427371561037343,0.719476882084612*0.475659182999274,1.41835145457332*0.5048696748393,0
